{"mse": 422423768.9051329, "rmse": 20552.950369840648, "mae": 13708.14652893988, "r2": 0.867196473072594}