{"mse": 366843916.97332454, "rmse": 19153.16989360572, "mae": 13684.515805204683, "r2": 0.8846699224994059}