{"mse": 477486045.1705183, "rmse": 21851.454074512258, "mae": 13558.804006349808, "r2": 0.8498857414637943}