{"mse": 269727396.9362322, "rmse": 16423.379583271897, "mae": 11489.710375, "r2": 0.915201860645951}