{"mse": 304088384.0, "rmse": 17438.13017499296, "mae": 11919.8544921875, "r2": 0.9043992757797241}